id,first_name,last_name,email,gender,ip_address
1,Nathalia,Pury,npury0@wired.com,Female,34.25.178.10
2,Laird,Jerdan,ljerdan1@census.gov,Male,117.231.60.84
3,Keefer,Mulcaster,kmulcaster2@vinaora.com,Male,151.218.67.190
4,Scotti,Laidlow,slaidlow3@cnn.com,Male,97.107.254.41
5,Sherilyn,Barnet,sbarnet4@usda.gov,Female,17.92.152.125
6,Reeta,Westnedge,rwestnedge5@blogger.com,Female,116.223.99.65
7,Lisle,Larret,llarret6@skyrock.com,Male,71.219.16.21
8,Charlene,Gehrtz,cgehrtz7@hibu.com,Female,193.93.78.22
9,Johannah,Bleiman,jbleiman8@comsenz.com,Female,226.156.176.102
10,Josepha,Barkes,jbarkes9@sohu.com,Female,249.61.62.59
11,Olvan,Mottershaw,omottershawa@live.com,Male,201.142.49.33
12,Maureene,Whewell,mwhewellb@gmpg.org,Female,59.165.159.50
13,Aldis,Caesar,acaesarc@cargocollective.com,Male,90.19.234.135
14,Dick,Meiklem,dmeiklemd@cmu.edu,Male,235.54.213.16
15,Normand,Smardon,nsmardone@twitpic.com,Male,186.245.88.14
16,Jo-ann,Claydon,jclaydonf@hhs.gov,Female,221.244.236.166
17,Harriot,Hewertson,hhewertsong@myspace.com,Female,111.120.46.91
18,Quillan,Goscar,qgoscarh@reuters.com,Male,92.241.73.202
19,Cirilo,McGowan,cmcgowani@opensource.org,Male,5.236.96.35
20,Merla,Cropper,mcropperj@surveymonkey.com,Female,236.191.100.204
21,Hobard,Larver,hlarverk@hexun.com,Male,76.41.149.242
22,Aliza,Ginglell,aginglelll@shutterfly.com,Female,168.215.218.168
23,Yancey,Symms,ysymmsm@tinyurl.com,Male,74.199.228.1
24,Enrico,Fowley,efowleyn@ucoz.ru,Bigender,8.113.176.68
25,Emylee,Pascall,epascallo@arstechnica.com,Polygender,25.61.75.194
26,Stephan,Toffoletto,stoffolettop@fda.gov,Male,237.120.167.187
27,Gilemette,Woodman,gwoodmanq@360.cn,Female,194.87.63.163
28,Ellery,Parfett,eparfettr@edublogs.org,Male,155.252.162.137
29,Terri,Mees,tmeess@skyrock.com,Female,25.61.77.207
30,Heda,Castelli,hcastellit@phpbb.com,Female,165.139.222.228
31,Bonnee,Nares,bnaresu@usnews.com,Female,197.47.111.138
32,Otes,Pyper,opyperv@csmonitor.com,Male,189.175.195.37
33,Conrado,McIlherran,cmcilherranw@artisteer.com,Male,30.42.20.246
34,Wells,Sainsbury,wsainsburyx@gizmodo.com,Male,92.156.152.101
35,Lib,MacAindreis,lmacaindreisy@deviantart.com,Female,75.236.147.215
36,Barnabas,Menichi,bmenichiz@state.tx.us,Agender,103.30.167.103
37,Nani,Franzonello,nfranzonello10@storify.com,Female,83.81.174.187
38,Grover,Snartt,gsnartt11@usnews.com,Male,215.70.19.83
39,Maurizio,Dominicacci,mdominicacci12@gravatar.com,Male,94.220.106.110
40,Filia,Fearnall,ffearnall13@etsy.com,Female,221.132.107.85
41,Reese,Howsley,rhowsley14@list-manage.com,Male,222.65.237.242
42,Kile,Gulley,kgulley15@studiopress.com,Male,97.164.50.81
43,Domingo,Axel,daxel16@statcounter.com,Male,179.154.128.26
44,Elden,Conring,econring17@dedecms.com,Male,14.190.111.220
45,Vladimir,Crocetto,vcrocetto18@dyndns.org,Male,21.33.82.182
46,Monte,Minihane,mminihane19@yolasite.com,Male,255.44.83.8
47,Alexandr,Francioli,afrancioli1a@bravesites.com,Male,189.59.220.251
48,Arleyne,Shergill,ashergill1b@wikipedia.org,Female,68.20.1.140
49,Karel,Wontner,kwontner1c@barnesandnoble.com,Male,174.164.110.48
50,Toddie,Cereceres,tcereceres1d@prnewswire.com,Male,255.88.125.111
51,Timmi,Nicholes,tnicholes1e@reference.com,Female,21.170.68.136
52,Wesley,Fitzsimons,wfitzsimons1f@bbc.co.uk,Male,25.234.210.73
53,Ailene,Charteris,acharteris1g@yale.edu,Female,136.167.170.64
54,Antoni,Kemme,akemme1h@cloudflare.com,Male,199.235.210.44
55,Boote,Marzelle,bmarzelle1i@baidu.com,Polygender,46.58.195.233
56,Kale,Giacoboni,kgiacoboni1j@digg.com,Male,41.119.88.200
57,Vyky,Cisneros,vcisneros1k@shareasale.com,Female,189.95.158.202
58,Correy,Hounsome,chounsome1l@jigsy.com,Female,237.58.194.97
59,Chuck,Juden,cjuden1m@eventbrite.com,Male,98.178.15.134
60,Lind,Dubock,ldubock1n@multiply.com,Male,114.68.57.174
61,Earlie,Berntssen,eberntssen1o@tinypic.com,Male,65.1.32.147
62,Shandra,Vynarde,svynarde1p@economist.com,Female,217.50.46.232
63,Theodoric,Giacopazzi,tgiacopazzi1q@bloomberg.com,Agender,192.176.64.174
64,Kevin,Redier,kredier1r@umn.edu,Male,129.204.150.56
65,Archibold,Gomme,agomme1s@clickbank.net,Male,234.66.3.39
66,Kristopher,Rastrick,krastrick1t@icio.us,Male,211.105.56.84
67,Maynord,Atterbury,matterbury1u@is.gd,Male,80.40.46.19
68,Neile,Dorie,ndorie1v@nsw.gov.au,Female,209.137.3.235
69,Alfredo,Rippon,arippon1w@sfgate.com,Male,84.109.112.135
70,Joane,Corney,jcorney1x@vk.com,Female,100.87.129.127
71,Burr,Sammars,bsammars1y@mozilla.org,Genderfluid,238.147.122.170
72,Clemmy,Edmans,cedmans1z@oakley.com,Male,161.180.173.241
73,Bennie,Syder,bsyder20@histats.com,Male,144.87.166.47
74,Fayth,Shipway,fshipway21@eventbrite.com,Female,102.80.47.241
75,Melly,Beri,mberi22@1688.com,Female,215.180.68.232
76,Odetta,Radenhurst,oradenhurst23@auda.org.au,Female,217.56.203.160
77,Emelen,Cubuzzi,ecubuzzi24@weibo.com,Male,211.233.46.35
78,Monro,Camings,mcamings25@sakura.ne.jp,Male,90.16.214.126
79,Misty,Mattisssen,mmattisssen26@nytimes.com,Female,236.115.228.23
80,Teodorico,Osborne,tosborne27@privacy.gov.au,Male,163.112.234.181
81,Huberto,McGinny,hmcginny28@ucla.edu,Male,45.141.143.6
82,Maurise,McCaskell,mmccaskell29@issuu.com,Polygender,167.2.205.78
83,Brent,Ogelsby,bogelsby2a@cnbc.com,Male,58.161.225.55
84,Harlin,Fardo,hfardo2b@ibm.com,Male,41.177.132.174
85,Bill,Cunrado,bcunrado2c@hhs.gov,Female,9.254.154.6
86,Norine,Wanell,nwanell2d@arizona.edu,Female,174.136.67.154
87,Yehudi,Lonie,ylonie2e@wufoo.com,Male,181.131.242.209
88,Miles,McClinton,mmcclinton2f@google.co.jp,Male,88.59.192.186
89,Donnie,Cornil,dcornil2g@prnewswire.com,Male,35.195.222.161
90,Caresse,Mantione,cmantione2h@nationalgeographic.com,Female,234.169.47.167
91,Verge,Keele,vkeele2i@instagram.com,Male,185.154.114.57
92,Nicolea,Yendle,nyendle2j@netscape.com,Female,247.175.253.43
93,Haleigh,Lackinton,hlackinton2k@desdev.cn,Female,131.239.152.235
94,Cherilyn,Whitaker,cwhitaker2l@cafepress.com,Female,26.192.1.86
95,Edgard,Osbourne,eosbourne2m@wikimedia.org,Male,195.185.7.95
96,Tanner,Deerness,tdeerness2n@skyrock.com,Male,123.62.68.43
97,Linn,Buick,lbuick2o@cisco.com,Female,3.233.2.149
98,Ernestine,Vakhrushin,evakhrushin2p@sciencedaily.com,Female,176.143.169.78
99,Alwin,Doody,adoody2q@pbs.org,Male,205.253.45.249
100,Dewie,Egentan,degentan2r@mayoclinic.com,Male,52.127.209.25
101,Trevor,Ickovitz,tickovitz2s@mac.com,Male,9.93.60.30
102,Katha,Wringe,kwringe2t@merriam-webster.com,Female,48.156.174.132
103,Marylee,Cleynman,mcleynman2u@ehow.com,Female,3.225.69.56
104,Gabriel,Bagnal,gbagnal2v@nbcnews.com,Female,157.122.187.199
105,Sibel,McLaren,smclaren2w@netvibes.com,Female,143.188.169.245
106,Emmaline,Meenehan,emeenehan2x@yahoo.co.jp,Female,134.104.81.184
107,Phedra,Revie,previe2y@cafepress.com,Female,244.195.192.87
108,Taffy,Winterscale,twinterscale2z@theguardian.com,Bigender,205.239.55.189
109,Rivalee,Fairtlough,rfairtlough30@etsy.com,Female,250.187.20.86
110,Eb,Purton,epurton31@unesco.org,Male,155.208.68.114
111,Marve,Perritt,mperritt32@quantcast.com,Male,105.197.30.55
112,Pascal,Besemer,pbesemer33@senate.gov,Male,242.152.79.68
113,Susi,Swane,sswane34@indiatimes.com,Female,114.72.111.41
114,Orly,Hauch,ohauch35@tripadvisor.com,Female,16.144.168.155
115,Viva,Bandy,vbandy36@businesswire.com,Female,253.69.15.227
116,Avis,Boyen,aboyen37@wired.com,Genderqueer,2.137.204.54
117,Adair,McAvinchey,amcavinchey38@eventbrite.com,Male,215.106.41.69
118,My,McFfaden,mmcffaden39@phpbb.com,Male,193.196.223.27
119,Bondie,Ende,bende3a@arstechnica.com,Male,45.73.35.176
120,Jerrie,Piddle,jpiddle3b@stumbleupon.com,Male,82.131.90.249
121,Pietrek,Trickett,ptrickett3c@lycos.com,Male,173.46.159.188
122,Etti,Fish,efish3d@fda.gov,Female,201.69.164.253
123,Mireille,Muggach,mmuggach3e@pen.io,Female,2.68.233.135
124,Jolynn,McMinn,jmcminn3f@wufoo.com,Bigender,165.162.116.118
125,Trstram,Ivashin,tivashin3g@ifeng.com,Male,73.187.27.163
126,Colver,Fanti,cfanti3h@google.com,Genderqueer,123.251.70.211
127,Joel,Troutbeck,jtroutbeck3i@angelfire.com,Male,202.136.46.144
128,Burton,Verriour,bverriour3j@live.com,Male,247.249.4.5
129,Costa,Robun,crobun3k@dagondesign.com,Male,132.31.66.186
130,Ogden,Maus,omaus3l@domainmarket.com,Male,171.32.108.64
131,Jennilee,Argontt,jargontt3m@hugedomains.com,Female,183.126.160.41
132,Mikael,Bothram,mbothram3n@webs.com,Male,97.8.124.112
133,Ines,Sprankling,isprankling3o@usnews.com,Female,218.23.147.234
134,Pennie,Brydie,pbrydie3p@nhs.uk,Female,244.117.194.51
135,Killy,Scouse,kscouse3q@pinterest.com,Male,224.55.124.108
136,Chery,Tear,ctear3r@google.it,Female,71.154.30.143
137,Chaddie,Filppetti,cfilppetti3s@joomla.org,Male,18.136.151.243
138,Jamey,Nunan,jnunan3t@seesaa.net,Male,231.32.233.242
139,Benedetta,Heeley,bheeley3u@friendfeed.com,Female,3.133.171.180
140,Lanae,Campanelle,lcampanelle3v@etsy.com,Female,169.120.203.222
141,Avigdor,Gregoretti,agregoretti3w@uol.com.br,Male,188.136.50.16
142,Pren,Peploe,ppeploe3x@slashdot.org,Male,97.43.171.197
143,Emile,Biggar,ebiggar3y@ehow.com,Male,101.206.156.210
144,Nichole,Hanshaw,nhanshaw3z@google.ru,Male,117.55.234.211
145,Shandra,Thundercliffe,sthundercliffe40@admin.ch,Female,50.182.128.181
146,Shannah,Burnitt,sburnitt41@google.com,Female,19.209.174.83
147,Lucine,MacGaughey,lmacgaughey42@alexa.com,Female,237.19.29.5
148,Monique,Thurley,mthurley43@mit.edu,Female,227.230.104.65
149,Joyous,Ottewell,jottewell44@godaddy.com,Female,41.178.214.200
150,Merrily,Crowthe,mcrowthe45@nba.com,Bigender,41.81.223.161
151,Felice,Isaac,fisaac46@twitpic.com,Female,9.132.30.112
152,Benni,Corkell,bcorkell47@artisteer.com,Female,187.12.199.76
153,Bartel,Spaxman,bspaxman48@nsw.gov.au,Male,51.11.48.5
154,Muffin,Bowart,mbowart49@desdev.cn,Male,15.231.44.180
155,Sidoney,Klasing,sklasing4a@state.gov,Female,15.109.19.13
156,Goldia,Lewin,glewin4b@pcworld.com,Female,97.82.94.191
157,Amara,Mitkov,amitkov4c@wufoo.com,Female,75.212.20.144
158,Giles,Cody,gcody4d@umn.edu,Male,42.230.1.25
159,Bettye,Sebley,bsebley4e@miibeian.gov.cn,Female,13.211.78.20
160,Zak,Loveard,zloveard4f@mozilla.com,Male,4.83.253.62
161,Dinah,McGinnell,dmcginnell4g@mozilla.com,Female,126.44.245.213
162,Gerrard,Jakeway,gjakeway4h@google.com,Male,210.177.217.119
163,Valida,Ascraft,vascraft4i@last.fm,Genderqueer,2.173.204.215
164,Billy,Jago,bjago4j@google.ru,Male,133.107.30.219
165,Nickolas,Ormiston,normiston4k@constantcontact.com,Polygender,208.149.154.142
166,Doug,McHarry,dmcharry4l@irs.gov,Male,62.232.204.127
167,Babs,MacAlinden,bmacalinden4m@google.co.uk,Female,229.34.223.8
168,Remus,Sheekey,rsheekey4n@nasa.gov,Male,101.233.41.30
169,Bibby,Bardwell,bbardwell4o@boston.com,Female,11.193.84.219
170,Constantine,Ort,cort4p@businesswire.com,Female,157.96.171.147
171,Ardene,Pyne,apyne4q@cnet.com,Female,180.108.9.8
172,Zebedee,Seiter,zseiter4r@foxnews.com,Male,236.54.102.229
173,Skye,Baniard,sbaniard4s@techcrunch.com,Male,84.187.36.72
174,Juieta,Maruszewski,jmaruszewski4t@miibeian.gov.cn,Female,237.202.21.229
175,Brenden,Snowdon,bsnowdon4u@multiply.com,Male,115.167.52.68
176,Giffard,Kyte,gkyte4v@addtoany.com,Male,227.51.221.151
177,Zoe,Indge,zindge4w@gizmodo.com,Agender,147.163.75.178
178,Aldon,Espinheira,aespinheira4x@pen.io,Male,181.208.84.103
179,Deborah,Pauler,dpauler4y@squarespace.com,Female,102.215.101.184
180,Ferrel,McGucken,fmcgucken4z@dropbox.com,Male,104.139.73.102
181,Henrie,Holligan,hholligan50@aboutads.info,Female,190.22.228.64
182,Ira,Degg,idegg51@senate.gov,Female,245.169.57.35
183,Tabby,Sheeres,tsheeres52@howstuffworks.com,Male,232.107.167.212
184,Kendrick,Gawith,kgawith53@acquirethisname.com,Male,229.188.75.43
185,Suzette,Bortolutti,sbortolutti54@google.es,Genderqueer,192.72.237.180
186,Andie,Hanselman,ahanselman55@cnet.com,Genderfluid,177.149.62.231
187,Arleyne,Emm,aemm56@answers.com,Female,92.138.131.41
188,Emyle,Godon,egodon57@mashable.com,Female,84.228.89.48
189,Creight,Szantho,cszantho58@paypal.com,Male,57.226.116.13
190,Stacy,Cuzen,scuzen59@aboutads.info,Female,149.186.22.80
191,Jasper,Rieme,jrieme5a@aboutads.info,Male,11.214.81.68
192,Tull,Dabrowski,tdabrowski5b@telegraph.co.uk,Male,131.60.97.133
193,Quent,Rickhuss,qrickhuss5c@tuttocitta.it,Male,232.60.78.72
194,Clarine,Varsey,cvarsey5d@uiuc.edu,Female,119.191.70.140
195,Stacie,Nourse,snourse5e@ed.gov,Genderfluid,132.24.212.251
196,Massimiliano,Caughey,mcaughey5f@va.gov,Male,122.22.174.152
197,Phillie,Kaindl,pkaindl5g@seesaa.net,Female,182.38.2.241
198,Pandora,Leas,pleas5h@adobe.com,Agender,202.228.83.49
199,Jessee,Jakoubek,jjakoubek5i@ning.com,Male,9.237.184.125
200,Priscilla,Barhims,pbarhims5j@ftc.gov,Female,213.45.74.113
201,Quincey,Silcock,qsilcock5k@livejournal.com,Male,249.21.100.157
202,Annissa,Draysay,adraysay5l@clickbank.net,Female,8.178.128.79
203,Edsel,Cranage,ecranage5m@vimeo.com,Male,79.134.130.11
204,Sigismundo,Shevell,sshevell5n@illinois.edu,Male,141.13.237.29
205,Randie,Davenell,rdavenell5o@altervista.org,Male,212.226.94.199
206,Montague,Rennels,mrennels5p@sourceforge.net,Male,225.245.16.106
207,Gay,Berendsen,gberendsen5q@youku.com,Male,0.120.87.58
208,Alisa,O'Calleran,aocalleran5r@google.co.jp,Non-binary,196.21.89.1
209,Kelcey,Dehmel,kdehmel5s@zdnet.com,Genderfluid,93.223.87.61
210,Federica,Margrem,fmargrem5t@histats.com,Female,135.117.87.110
211,Creighton,Loos,cloos5u@tinyurl.com,Male,55.157.70.70
212,Ashton,Precious,aprecious5v@amazon.de,Male,47.243.19.108
213,Gabriel,Prudence,gprudence5w@trellian.com,Female,140.165.42.217
214,Lanae,Gledhill,lgledhill5x@hugedomains.com,Female,68.95.169.229
215,Mair,Bragginton,mbragginton5y@uiuc.edu,Polygender,173.5.144.205
216,Asa,Jenney,ajenney5z@rediff.com,Male,98.3.21.196
217,Vinson,Siaskowski,vsiaskowski60@cpanel.net,Male,26.97.174.222
218,Karilynn,McGinny,kmcginny61@sphinn.com,Female,186.110.66.77
219,Berta,Laugherane,blaugherane62@si.edu,Agender,50.153.44.158
220,Gilbertine,Haliday,ghaliday63@surveymonkey.com,Female,229.71.168.244
221,Sigismund,Baignard,sbaignard64@unc.edu,Male,84.139.117.59
222,Benoit,Brameld,bbrameld65@merriam-webster.com,Non-binary,123.208.70.45
223,Leland,Babst,lbabst66@cnbc.com,Male,79.64.23.111
224,Rubin,D'Antuoni,rdantuoni67@ucoz.ru,Non-binary,213.140.136.7
225,Garrott,Verzey,gverzey68@cargocollective.com,Non-binary,194.112.64.247
226,Timofei,Venditto,tvenditto69@nyu.edu,Male,182.168.172.13
227,Holly,Spinnace,hspinnace6a@theglobeandmail.com,Male,22.127.239.211
228,Felic,Acosta,facosta6b@ftc.gov,Male,117.157.172.141
229,Georgetta,Giorgetti,ggiorgetti6c@npr.org,Female,250.193.199.214
230,Benedick,Goble,bgoble6d@accuweather.com,Male,15.179.169.133
231,Murray,Bretherick,mbretherick6e@ifeng.com,Male,150.29.228.41
232,Berkley,Copello,bcopello6f@devhub.com,Male,220.204.221.193
233,Glenna,Rivett,grivett6g@cloudflare.com,Female,131.243.202.12
234,Ferrell,Erie,ferie6h@wordpress.com,Male,21.142.28.52
235,Caron,Duffil,cduffil6i@nasa.gov,Female,148.168.99.214
236,Rubie,Hryskiewicz,rhryskiewicz6j@abc.net.au,Female,223.182.48.141
237,Josiah,Daniel,jdaniel6k@pbs.org,Male,248.150.245.148
238,Rafaelita,Tanner,rtanner6l@spiegel.de,Female,12.124.146.135
239,Rozele,Dumigan,rdumigan6m@businesswire.com,Female,58.246.95.195
240,Hedwig,Lamboll,hlamboll6n@typepad.com,Female,189.37.131.1
241,Mathias,Wandtke,mwandtke6o@newsvine.com,Male,144.18.45.105
242,Friedrick,Lanmeid,flanmeid6p@gravatar.com,Male,214.172.132.89
243,Al,Jollye,ajollye6q@dion.ne.jp,Male,42.225.13.80
244,Ardeen,Isaacson,aisaacson6r@fc2.com,Female,98.115.253.119
245,Wye,Maywood,wmaywood6s@yellowpages.com,Male,163.119.59.74
246,Vernice,Fuster,vfuster6t@is.gd,Female,105.194.164.66
247,Sondra,Bleckly,sbleckly6u@apache.org,Female,69.105.202.225
248,Andrea,Valero,avalero6v@trellian.com,Female,182.245.185.226
249,Merle,Bradmore,mbradmore6w@squarespace.com,Female,9.194.81.180
250,Rudyard,Witchalls,rwitchalls6x@globo.com,Male,4.190.209.200
251,Onfroi,Swinyard,oswinyard6y@paypal.com,Male,117.89.159.133
252,Vita,Pudge,vpudge6z@tinypic.com,Female,62.118.207.139
253,Vannie,Vaszoly,vvaszoly70@de.vu,Female,120.77.86.170
254,Danya,Geffen,dgeffen71@hatena.ne.jp,Female,228.179.105.183
255,Arden,O'Mailey,aomailey72@kickstarter.com,Female,134.243.156.208
256,Emory,Adey,eadey73@va.gov,Male,161.196.124.227
257,Cecilla,Ong,cong74@skype.com,Female,72.99.66.67
258,Jude,Lamers,jlamers75@miibeian.gov.cn,Male,216.56.143.43
259,Jabez,Mc-Kerley,jmckerley76@pcworld.com,Male,198.60.13.21
260,Indira,Yole,iyole77@bravesites.com,Female,116.158.238.220
261,Delly,Gullan,dgullan78@youku.com,Female,110.190.187.113
262,Fanchette,Bonass,fbonass79@homestead.com,Female,117.90.30.230
263,Felipa,De Blase,fdeblase7a@typepad.com,Female,198.158.49.255
264,Trudie,Pettyfer,tpettyfer7b@omniture.com,Female,213.248.6.94
265,Freda,Mosten,fmosten7c@si.edu,Female,5.240.255.22
266,Alix,Burchess,aburchess7d@newyorker.com,Male,208.230.107.175
267,Milly,Smitheram,msmitheram7e@hugedomains.com,Female,43.91.216.188
268,Tamarra,Cheel,tcheel7f@google.co.uk,Female,143.37.20.148
269,Luz,Hanaby,lhanaby7g@canalblog.com,Female,164.80.7.93
270,Maxy,Loughlan,mloughlan7h@last.fm,Male,104.198.247.103
271,Berton,Abbe,babbe7i@mail.ru,Polygender,51.130.245.150
272,Hansiain,Ioselev,hioselev7j@hostgator.com,Male,57.77.5.101
273,Care,Smeuin,csmeuin7k@bloomberg.com,Male,151.170.255.180
274,Lindsay,Talloe,ltalloe7l@tinypic.com,Female,177.237.98.117
275,Anselma,Chateau,achateau7m@deliciousdays.com,Female,142.227.5.61
276,Alfreda,Tipper,atipper7n@hugedomains.com,Female,105.220.139.198
277,Lory,Praton,lpraton7o@dagondesign.com,Female,203.130.32.16
278,Gusta,Gutans,ggutans7p@alexa.com,Female,201.34.176.133
279,Dave,Arkley,darkley7q@cisco.com,Male,71.119.138.173
280,Loydie,Gwillyam,lgwillyam7r@sciencedirect.com,Male,83.44.132.15
281,Henrie,Crosetti,hcrosetti7s@facebook.com,Female,37.224.239.92
282,Alf,Stanners,astanners7t@eepurl.com,Male,10.236.213.189
283,Ariel,Berns,aberns7u@gnu.org,Female,63.42.15.60
284,Stefan,Hatwell,shatwell7v@timesonline.co.uk,Male,135.4.225.189
285,Marilin,Petroselli,mpetroselli7w@simplemachines.org,Female,150.120.0.218
286,Dosi,Waslin,dwaslin7x@people.com.cn,Female,126.35.224.190
287,Allyn,Lehr,alehr7y@scientificamerican.com,Female,60.64.24.51
288,Aurora,Gilchrist,agilchrist7z@tumblr.com,Female,214.218.63.201
289,Lenci,Benneyworth,lbenneyworth80@cornell.edu,Male,185.137.110.233
290,Osbourn,McCleod,omccleod81@ihg.com,Male,77.98.184.227
291,Bail,Tylor,btylor82@cam.ac.uk,Male,53.62.152.153
292,Marylinda,Stryde,mstryde83@amazon.co.jp,Genderfluid,13.181.56.63
293,Rafferty,Rowlinson,rrowlinson84@dailymail.co.uk,Male,255.169.197.86
294,Roanna,Ockleshaw,rockleshaw85@illinois.edu,Female,162.196.74.42
295,Worden,Caghan,wcaghan86@engadget.com,Male,230.92.145.165
296,Gibb,De Angelis,gdeangelis87@cocolog-nifty.com,Male,22.94.204.37
297,Carly,Megarry,cmegarry88@prlog.org,Male,163.179.63.120
298,Patrizio,Murfett,pmurfett89@moonfruit.com,Male,178.98.109.59
299,Zeke,Grainge,zgrainge8a@microsoft.com,Agender,183.36.189.143
300,Will,Freezer,wfreezer8b@oaic.gov.au,Male,120.16.110.169
301,Caz,Wadworth,cwadworth8c@constantcontact.com,Male,46.109.162.227
302,Joelle,Benmore,jbenmore8d@sciencedaily.com,Female,128.219.51.222
303,Ava,Gunthorp,agunthorp8e@ucoz.com,Female,99.184.82.156
304,Riane,Stewartson,rstewartson8f@weather.com,Female,49.124.122.150
305,Aeriell,Colbert,acolbert8g@cdc.gov,Female,6.145.213.37
306,Willow,Inkpen,winkpen8h@bloglines.com,Female,81.60.18.57
307,Mac,Andriesse,mandriesse8i@hhs.gov,Male,65.131.161.115
308,Alexandre,Haken,ahaken8j@youtu.be,Male,73.136.102.243
309,Clarence,Neame,cneame8k@earthlink.net,Male,40.154.58.1
310,Tirrell,Rizzolo,trizzolo8l@marriott.com,Male,14.167.249.33
311,Kylie,Georgi,kgeorgi8m@examiner.com,Genderfluid,2.130.109.85
312,Mallory,MacKettrick,mmackettrick8n@ycombinator.com,Female,226.231.8.111
313,Zea,Van Baaren,zvanbaaren8o@cbsnews.com,Female,3.214.134.241
314,Cherice,Cassin,ccassin8p@yellowbook.com,Female,178.65.208.247
315,Dominique,Oxford,doxford8q@wiley.com,Male,53.176.65.251
316,Stanleigh,Bastiman,sbastiman8r@ameblo.jp,Male,175.39.199.82
317,Lynnelle,Whereat,lwhereat8s@aol.com,Female,216.77.131.223
318,Dredi,Grigs,dgrigs8t@goo.gl,Female,208.191.103.26
319,Baldwin,Keeltagh,bkeeltagh8u@who.int,Male,6.43.181.197
320,Carline,Llewhellin,cllewhellin8v@blogspot.com,Female,198.191.76.29
321,Doyle,Tremblay,dtremblay8w@twitpic.com,Male,120.108.112.194
322,Adolf,Warne,awarne8x@pcworld.com,Male,110.156.140.245
323,Krissie,Rutledge,krutledge8y@nsw.gov.au,Female,255.134.76.83
324,Alana,Giraudo,agiraudo8z@networksolutions.com,Female,185.86.165.3
325,Filmer,Dillway,fdillway90@slideshare.net,Non-binary,39.121.40.192
326,Fernanda,Eastop,feastop91@yandex.ru,Female,59.10.90.99
327,Webster,Toopin,wtoopin92@spotify.com,Male,240.46.47.32
328,Pollyanna,Juden,pjuden93@typepad.com,Female,204.56.47.132
329,Isidor,Heale,iheale94@com.com,Male,136.163.80.199
330,Sallie,Simecek,ssimecek95@irs.gov,Female,191.122.162.230
331,Karina,Brotherton,kbrotherton96@microsoft.com,Female,228.56.141.154
332,Leese,Coultard,lcoultard97@stanford.edu,Female,148.94.3.100
333,Goddart,Luckham,gluckham98@toplist.cz,Male,209.22.127.141
334,Constantin,Windram,cwindram99@rakuten.co.jp,Male,30.198.195.99
335,Rad,Blasoni,rblasoni9a@mtv.com,Male,229.46.168.200
336,Gerard,Essberger,gessberger9b@apache.org,Male,234.242.243.73
337,Tremain,Gaythor,tgaythor9c@npr.org,Bigender,76.219.90.113
338,Neala,Theml,ntheml9d@exblog.jp,Female,70.125.234.125
339,Keen,Naisby,knaisby9e@360.cn,Male,201.4.79.85
340,Emanuele,Coulson,ecoulson9f@nydailynews.com,Male,98.72.35.26
341,Elena,Mourant,emourant9g@mac.com,Female,161.154.67.56
342,Donalt,McGoogan,dmcgoogan9h@bloglines.com,Male,207.34.255.43
343,Lazar,Lindores,llindores9i@admin.ch,Male,242.199.170.255
344,Garrot,Kleeman,gkleeman9j@moonfruit.com,Male,44.242.8.125
345,Marj,Kield,mkield9k@yale.edu,Genderqueer,251.36.66.65
346,Beatrix,Hallard,bhallard9l@stumbleupon.com,Female,96.61.36.148
347,Christie,Conti,cconti9m@xrea.com,Male,140.11.4.228
348,Jone,Meah,jmeah9n@sciencedirect.com,Male,34.84.126.75
349,Frederik,Olrenshaw,folrenshaw9o@bbb.org,Male,82.183.128.173
350,Alleen,Deekes,adeekes9p@webmd.com,Female,24.191.56.237
351,Valentia,Heinzel,vheinzel9q@jugem.jp,Female,111.2.158.15
352,Debor,Mart,dmart9r@reference.com,Bigender,221.180.212.40
353,Aeriela,Wisdish,awisdish9s@mlb.com,Female,59.216.141.141
354,Harman,Goundrill,hgoundrill9t@yellowpages.com,Male,173.255.22.148
355,Franklin,Aveline,faveline9u@unc.edu,Male,170.163.88.1
356,Konstance,Boffey,kboffey9v@123-reg.co.uk,Female,154.107.164.116
357,Harrietta,Geffe,hgeffe9w@yellowpages.com,Female,93.87.45.221
358,Justus,Pimley,jpimley9x@businessinsider.com,Male,228.133.51.88
359,Cari,Chenery,cchenery9y@chron.com,Female,93.55.62.36
360,Roseann,Duddy,rduddy9z@ifeng.com,Female,97.158.152.173
361,Leanna,Liepins,lliepinsa0@techcrunch.com,Bigender,69.96.42.184
362,Kristi,Cardwell,kcardwella1@google.com.au,Female,248.62.211.48
363,Gib,Creasy,gcreasya2@microsoft.com,Male,135.226.23.56
364,Dimitri,Costello,dcostelloa3@t-online.de,Male,107.215.25.131
365,Lemmy,Hardes,lhardesa4@un.org,Male,60.99.245.143
366,Annamarie,Caw,acawa5@forbes.com,Female,63.225.101.7
367,Brig,Skechley,bskechleya6@howstuffworks.com,Male,58.145.101.58
368,Theodora,Netting,tnettinga7@umich.edu,Female,41.60.47.184
369,Ira,Sherrock,isherrocka8@cam.ac.uk,Female,59.197.179.190
370,Bobbee,Naul,bnaula9@drupal.org,Female,103.170.99.18
371,Christoper,Ellacott,cellacottaa@wikispaces.com,Male,140.144.27.234
372,Nicol,Macci,nmacciab@123-reg.co.uk,Male,202.144.91.220
373,Margot,Walak,mwalakac@dyndns.org,Genderfluid,211.160.244.72
374,Zuzana,Latchford,zlatchfordad@wired.com,Female,121.252.4.249
375,Jermaine,Coney,jconeyae@delicious.com,Genderqueer,222.59.214.98
376,Alvira,Simchenko,asimchenkoaf@posterous.com,Female,159.73.75.45
377,Cart,Longthorne,clongthorneag@un.org,Male,96.115.97.223
378,Danna,Greensides,dgreensidesah@123-reg.co.uk,Female,62.208.246.57
379,Carroll,McNaughton,cmcnaughtonai@360.cn,Male,92.151.207.125
380,Gretal,Colqueran,gcolqueranaj@bigcartel.com,Female,222.144.174.82
381,Isa,Pidgen,ipidgenak@yahoo.com,Male,9.69.188.210
382,Christoph,Khosa,ckhosaal@ftc.gov,Male,227.114.14.136
383,Janey,Sivior,jsivioram@nydailynews.com,Female,172.69.206.130
384,Tab,Livett,tlivettan@si.edu,Male,220.52.5.169
385,Obie,Morphet,omorphetao@china.com.cn,Male,107.186.186.216
386,Emerson,Rolland,erollandap@sfgate.com,Male,77.44.137.225
387,Sergeant,Beecham,sbeechamaq@goo.ne.jp,Male,244.150.13.25
388,Selig,Southcoat,ssouthcoatar@photobucket.com,Polygender,13.73.181.72
389,Harland,Cawson,hcawsonas@ow.ly,Male,6.233.212.39
390,Lilly,Casine,lcasineat@bigcartel.com,Female,66.234.250.113
391,Cassandry,Wilcot,cwilcotau@lycos.com,Non-binary,132.51.157.155
392,Katherine,Slayford,kslayfordav@bizjournals.com,Female,209.11.3.167
393,Jeanette,Tarr,jtarraw@twitter.com,Female,223.42.116.206
394,Paolina,Dacke,pdackeax@nih.gov,Female,38.119.120.203
395,Sam,Cherrington,scherringtonay@boston.com,Male,151.53.230.242
396,Carroll,Cargon,ccargonaz@usda.gov,Male,134.207.186.41
397,Brennen,Danne,bdanneb0@princeton.edu,Male,62.3.82.50
398,Emmaline,Minchella,eminchellab1@rediff.com,Female,201.221.69.47
399,Lucilia,Climer,lclimerb2@wikipedia.org,Female,75.84.144.9
400,Kalvin,Matczak,kmatczakb3@ucoz.ru,Male,5.118.105.31
401,Madelene,Fraulo,mfraulob4@simplemachines.org,Female,218.31.80.212
402,Maura,Peiser,mpeiserb5@uiuc.edu,Female,140.255.100.232
403,Sidney,Kintish,skintishb6@yahoo.com,Male,230.68.202.114
404,Tandy,Boyne,tboyneb7@deviantart.com,Female,93.235.83.185
405,Mark,Crickett,mcrickettb8@1688.com,Male,215.48.131.249
406,Kala,McKendry,kmckendryb9@pagesperso-orange.fr,Female,15.23.198.189
407,Thomasina,Leversha,tlevershaba@army.mil,Female,220.163.64.207
408,Evanne,Degoy,edegoybb@auda.org.au,Female,214.229.220.134
409,Adelaida,Graben,agrabenbc@i2i.jp,Female,162.38.171.78
410,Nils,Friar,nfriarbd@techcrunch.com,Male,0.44.7.26
411,Iris,Akid,iakidbe@youtu.be,Female,86.43.229.10
412,Celestina,Coulston,ccoulstonbf@yellowpages.com,Female,70.61.229.29
413,Wash,Farrance,wfarrancebg@weebly.com,Male,196.231.240.214
414,Sashenka,Dunstone,sdunstonebh@mozilla.com,Genderqueer,49.76.226.127
415,Donella,Baulch,dbaulchbi@spiegel.de,Female,137.73.170.72
416,Rahel,Biaggioli,rbiaggiolibj@barnesandnoble.com,Bigender,207.141.18.90
417,Veriee,Presnall,vpresnallbk@google.com.br,Female,24.144.182.185
418,Riordan,O'Neal,ronealbl@theguardian.com,Male,15.75.21.139
419,Jorie,Cooksey,jcookseybm@fastcompany.com,Female,187.59.41.86
420,Candace,Adnett,cadnettbn@bravesites.com,Female,187.24.21.190
421,Lambert,Forlonge,lforlongebo@sphinn.com,Male,37.197.216.18
422,Xaviera,Rustman,xrustmanbp@auda.org.au,Female,84.157.134.188
423,Babb,Owers,bowersbq@google.fr,Female,9.226.244.94
424,Elwyn,Coleyshaw,ecoleyshawbr@51.la,Male,209.190.213.110
425,Matthias,Szapiro,mszapirobs@webnode.com,Male,95.106.109.225
426,Temp,Ivatt,tivattbt@privacy.gov.au,Male,97.208.242.155
427,Giacinta,Dutson,gdutsonbu@about.com,Female,20.159.28.77
428,Reese,Kent,rkentbv@yahoo.co.jp,Agender,227.250.187.17
429,Desiri,Salle,dsallebw@forbes.com,Female,198.213.228.219
430,Jacklyn,Newgrosh,jnewgroshbx@jimdo.com,Female,246.240.68.70
431,Robbert,Starcks,rstarcksby@privacy.gov.au,Male,200.7.219.154
432,Luciana,Burrus,lburrusbz@nyu.edu,Female,49.146.46.129
433,Enrique,Pedycan,epedycanc0@imageshack.us,Male,151.106.79.218
434,Willey,Fourman,wfourmanc1@diigo.com,Male,164.225.13.57
435,Felice,Itzkovitch,fitzkovitchc2@wisc.edu,Female,221.208.72.137
436,Lynne,O'Duggan,lodugganc3@github.com,Female,112.157.204.213
437,Robers,Pecha,rpechac4@google.it,Male,188.1.124.241
438,Sharl,Sellwood,ssellwoodc5@freewebs.com,Non-binary,109.136.216.134
439,Jade,Mogg,jmoggc6@mlb.com,Female,174.81.20.202
440,Edithe,Liversidge,eliversidgec7@cbsnews.com,Female,130.21.247.145
441,Thorny,Hearsum,thearsumc8@nih.gov,Male,28.55.178.141
442,Dene,Kenelin,dkenelinc9@skyrock.com,Male,155.221.137.185
443,Marnie,Goodfellow,mgoodfellowca@chron.com,Female,0.72.113.246
444,Emlynn,Klemenz,eklemenzcb@latimes.com,Female,59.68.20.94
445,Shanon,Bunt,sbuntcc@gov.uk,Female,55.43.121.239
446,Zaccaria,Gallehock,zgallehockcd@europa.eu,Male,152.247.200.155
447,Ursa,Sutter,usutterce@liveinternet.ru,Female,125.71.60.172
448,Frayda,Tamas,ftamascf@nydailynews.com,Polygender,7.219.167.143
449,Kylie,McQuaker,kmcquakercg@deliciousdays.com,Bigender,65.212.53.12
450,Dalt,Neissen,dneissench@ustream.tv,Male,1.125.1.204
451,Hagan,Laminman,hlaminmanci@smh.com.au,Male,165.195.125.156
452,Lishe,Burker,lburkercj@usgs.gov,Female,103.255.150.73
453,Rickie,Witherington,rwitheringtonck@nba.com,Female,209.61.64.74
454,Ursuline,Von Salzberg,uvonsalzbergcl@weather.com,Female,211.135.234.111
455,Ronna,Baudains,rbaudainscm@gizmodo.com,Female,22.133.229.65
456,Binky,Maslen,bmaslencn@xrea.com,Male,12.152.139.133
457,Osbert,Tomley,otomleyco@hao123.com,Male,171.233.125.25
458,Caryl,Trengrove,ctrengrovecp@whitehouse.gov,Genderqueer,61.192.229.226
459,Gray,Fosdyke,gfosdykecq@amazonaws.com,Male,49.237.196.43
460,Burl,Durrant,bdurrantcr@weather.com,Male,230.217.165.244
461,Bron,Schole,bscholecs@craigslist.org,Male,121.42.148.160
462,Rube,Madgett,rmadgettct@kickstarter.com,Male,1.188.3.241
463,Roanne,Taveriner,rtaverinercu@pen.io,Female,183.91.78.121
464,Tabbatha,Hamstead,thamsteadcv@home.pl,Female,116.62.51.93
465,Cyrille,Methley,cmethleycw@yandex.ru,Male,233.12.213.195
466,Kai,Ambresin,kambresincx@apache.org,Female,69.29.234.245
467,Niccolo,Georgeou,ngeorgeoucy@123-reg.co.uk,Male,180.187.97.140
468,Vernon,Weddeburn - Scrimgeour,vweddeburnscrimgeourcz@tmall.com,Male,43.106.7.244
469,Clare,Bowles,cbowlesd0@reference.com,Male,184.12.228.77
470,Rodi,Care,rcared1@exblog.jp,Female,104.85.191.139
471,Lyn,Lemmen,llemmend2@ucsd.edu,Male,156.185.226.84
472,Nonnah,Berthot,nberthotd3@constantcontact.com,Female,51.106.123.50
473,Gerik,Goodbarr,ggoodbarrd4@is.gd,Male,70.198.146.227
474,Marsha,Trewhitt,mtrewhittd5@webs.com,Female,47.158.226.77
475,Artemis,Deveral,adeverald6@msn.com,Male,188.29.142.51
476,Devi,Vella,dvellad7@blog.com,Female,99.23.60.61
477,Leora,Sivior,lsiviord8@creativecommons.org,Female,115.238.179.98
478,Hewe,Rickerd,hrickerdd9@vinaora.com,Male,231.85.38.61
479,Isador,Younglove,iyoungloveda@t-online.de,Male,212.100.141.35
480,Zenia,Rocco,zroccodb@dailymotion.com,Female,1.142.216.6
481,Ivor,Kinchlea,ikinchleadc@apache.org,Male,84.152.238.110
482,Conway,Bristoe,cbristoedd@columbia.edu,Male,9.190.61.238
483,Tris,Perigeaux,tperigeauxde@npr.org,Male,147.121.186.150
484,Bibby,Fraczak,bfraczakdf@quantcast.com,Female,137.151.141.77
485,Baxter,Mufford,bmufforddg@mediafire.com,Male,192.117.26.169
486,Tamarra,O'Flynn,toflynndh@nydailynews.com,Female,68.140.106.119
487,Rodolphe,Heistermann,rheistermanndi@friendfeed.com,Male,209.147.95.126
488,Quincey,McClenan,qmcclenandj@51.la,Male,137.232.208.180
489,Lola,Dearden,ldeardendk@cpanel.net,Female,117.20.96.81
490,Blakelee,Pizzey,bpizzeydl@weebly.com,Female,181.113.46.203
491,Selie,Thireau,sthireaudm@domainmarket.com,Genderfluid,51.214.245.39
492,Thorvald,Radbond,tradbonddn@deviantart.com,Genderqueer,162.133.20.69
493,Gabbey,Truin,gtruindo@studiopress.com,Female,147.223.86.231
494,Shoshana,Emblow,semblowdp@netscape.com,Bigender,42.72.172.36
495,Gallagher,Alten,galtendq@loc.gov,Male,139.131.151.166
496,Elladine,Palethorpe,epalethorpedr@elegantthemes.com,Female,63.226.156.142
497,Giorgio,Caherny,gcahernyds@upenn.edu,Male,16.50.39.163
498,Kristopher,Catford,kcatforddt@discovery.com,Male,94.66.66.236
499,Valeria,Barrick,vbarrickdu@fema.gov,Female,89.231.111.228
500,Terrel,Yorkston,tyorkstondv@theglobeandmail.com,Male,55.1.35.39
501,Virge,Drummond,vdrummonddw@pagesperso-orange.fr,Male,70.143.39.91
502,Abby,Kytley,akytleydx@bbb.org,Female,149.47.103.116
503,Merla,De Francesco,mdefrancescody@senate.gov,Female,233.134.40.38
504,Glenn,Gorstidge,ggorstidgedz@ocn.ne.jp,Female,47.33.27.92
505,Ewan,Startin,estartine0@va.gov,Non-binary,100.182.155.136
506,Arne,Darke,adarkee1@issuu.com,Male,203.129.253.101
507,Lilias,Granville,lgranvillee2@usda.gov,Female,162.232.242.15
508,Claudina,Bahike,cbahikee3@foxnews.com,Female,94.139.134.44
509,Ximenez,Warwick,xwarwicke4@imageshack.us,Male,56.19.43.52
510,Beniamino,Montilla,bmontillae5@github.com,Male,9.168.221.34
511,Willey,Renshell,wrenshelle6@umn.edu,Male,38.13.47.7
512,Kitti,Langdridge,klangdridgee7@baidu.com,Female,141.203.254.220
513,Regen,Smithyman,rsmithymane8@twitpic.com,Male,69.225.145.92
514,Aridatha,Gleave,agleavee9@xinhuanet.com,Female,38.71.236.131
515,Fairleigh,Doughill,fdoughillea@va.gov,Male,124.30.19.79
516,Christoffer,Scutts,cscuttseb@biblegateway.com,Male,203.7.249.37
517,Garold,Grimm,ggrimmec@blogtalkradio.com,Male,77.55.44.119
518,Thibaud,Torn,ttorned@ox.ac.uk,Male,10.161.20.163
519,Nikki,McGarrie,nmcgarrieee@csmonitor.com,Male,43.202.182.182
520,Ethel,Mattea,ematteaef@typepad.com,Female,92.145.26.47
521,Cash,Walenta,cwalentaeg@spotify.com,Genderqueer,47.181.201.156
522,Nyssa,Gorusso,ngorussoeh@indiatimes.com,Female,169.137.27.122
523,Filberte,Lantuffe,flantuffeei@apple.com,Male,18.173.35.171
524,Aile,Jerosch,ajeroschej@shutterfly.com,Female,99.159.110.34
525,Camilla,Georgiades,cgeorgiadesek@kickstarter.com,Female,75.81.252.132
526,Ray,Janz,rjanzel@shinystat.com,Female,238.104.78.43
527,Denny,Kernermann,dkernermannem@barnesandnoble.com,Female,209.67.2.124
528,Grethel,Measham,gmeashamen@goo.gl,Female,80.151.140.240
529,Bessie,McCumskay,bmccumskayeo@oaic.gov.au,Female,66.161.105.55
530,Teddy,Moles,tmolesep@tuttocitta.it,Male,56.207.175.18
531,Paulie,Goff,pgoffeq@youku.com,Male,210.47.128.60
532,Rivi,McTerry,rmcterryer@sitemeter.com,Female,86.239.206.76
533,Clarabelle,Oblein,cobleines@dailymail.co.uk,Female,88.37.253.60
534,Gaye,Roblett,groblettet@fotki.com,Female,110.72.115.182
535,Lanette,Smorthit,lsmorthiteu@google.cn,Female,122.54.108.183
536,Cicely,Dytham,cdythamev@accuweather.com,Female,24.39.41.128
537,Tony,Pryce,tpryceew@g.co,Agender,242.203.126.11
538,Kyle,Clelland,kclellandex@npr.org,Male,133.242.3.38
539,Traci,Sloy,tsloyey@gmpg.org,Agender,216.131.200.148
540,Hogan,Flacke,hflackeez@bloglines.com,Male,250.113.42.34
541,Jacques,Duxbury,jduxburyf0@imdb.com,Male,185.42.29.253
542,Cilka,Elderidge,celderidgef1@archive.org,Female,248.235.51.172
543,Jaquelyn,Pischel,jpischelf2@tripod.com,Female,62.115.251.247
544,Pattie,Pound,ppoundf3@chicagotribune.com,Male,25.105.115.141
545,Heath,Mackro,hmackrof4@unesco.org,Female,77.91.2.22
546,Lucio,Batt,lbattf5@sfgate.com,Male,196.53.216.225
547,Heath,Gower,hgowerf6@typepad.com,Male,94.222.5.15
548,Codie,Faircloth,cfairclothf7@mail.ru,Male,98.146.26.63
549,Obie,Mingasson,omingassonf8@gravatar.com,Male,71.223.167.176
550,Riccardo,Pointing,rpointingf9@wikia.com,Male,182.181.250.232
551,Nelie,Durnan,ndurnanfa@nature.com,Female,54.91.165.92
552,Rafaela,Conroy,rconroyfb@sakura.ne.jp,Female,143.18.134.167
553,Berkeley,Kohlerman,bkohlermanfc@histats.com,Male,158.125.116.147
554,Mair,Island,mislandfd@indiatimes.com,Female,153.74.81.149
555,Saxe,Quinnell,squinnellfe@multiply.com,Genderqueer,231.203.62.182
556,Ciel,Fullom,cfullomff@yahoo.com,Female,27.237.156.251
557,Worthy,Highway,whighwayfg@com.com,Male,66.26.113.208
558,Glenine,Leinster,gleinsterfh@facebook.com,Female,16.138.9.26
559,Ashlin,Menaul,amenaulfi@technorati.com,Male,214.233.204.189
560,Rodrigo,Bartot,rbartotfj@wunderground.com,Male,87.75.12.69
561,Rollin,Chantillon,rchantillonfk@mediafire.com,Male,40.22.107.123
562,Ilyse,Tubbs,itubbsfl@about.com,Female,41.244.129.81
563,Kahlil,Candwell,kcandwellfm@google.com,Male,117.130.99.47
564,Daveta,Adlington,dadlingtonfn@liveinternet.ru,Female,226.252.119.9
565,Melody,Feehily,mfeehilyfo@nhs.uk,Female,111.33.153.10
566,Danell,Howlings,dhowlingsfp@state.gov,Female,95.72.175.136
567,Benyamin,Seaman,bseamanfq@youtu.be,Male,152.47.32.76
568,Mirna,Smallman,msmallmanfr@alexa.com,Female,112.41.212.122
569,Anatole,Hellier,ahellierfs@oracle.com,Genderfluid,180.163.98.122
570,Martica,Zum Felde,mzumfeldeft@virginia.edu,Female,114.246.224.162
571,Blythe,Abbis,babbisfu@vinaora.com,Female,209.230.8.56
572,Beitris,Welbeck,bwelbeckfv@nps.gov,Female,84.129.231.248
573,Stormy,Farren,sfarrenfw@studiopress.com,Female,29.244.95.27
574,Juli,Teggin,jtegginfx@techcrunch.com,Female,14.75.57.94
575,Toddy,Spenclay,tspenclayfy@rakuten.co.jp,Non-binary,126.134.138.160
576,Adrianna,Secret,asecretfz@theglobeandmail.com,Female,108.195.171.213
577,Crissie,Peasey,cpeaseyg0@bbb.org,Female,56.252.175.80
578,Willem,Doxsey,wdoxseyg1@g.co,Male,158.230.178.208
579,Cayla,Gauvain,cgauvaing2@digg.com,Female,165.176.220.242
580,Philly,Bunny,pbunnyg3@aboutads.info,Female,79.37.62.89
581,Jimmy,Hainge,jhaingeg4@telegraph.co.uk,Male,249.113.179.43
582,Rowena,Iacovelli,riacovellig5@noaa.gov,Genderqueer,116.221.16.39
583,Giffard,Fairham,gfairhamg6@mac.com,Male,30.222.3.248
584,Sterling,Athowe,sathoweg7@cmu.edu,Male,170.121.200.13
585,Kiele,Lecordier,klecordierg8@wikispaces.com,Female,68.253.39.39
586,Lisle,Gladstone,lgladstoneg9@abc.net.au,Male,218.147.87.88
587,Fred,Mellon,fmellonga@pagesperso-orange.fr,Female,234.138.54.137
588,Kipper,Josowitz,kjosowitzgb@ocn.ne.jp,Male,112.87.75.207
589,Rafaelia,Withrop,rwithropgc@photobucket.com,Female,204.87.7.43
590,Cari,Reeken,creekengd@wired.com,Female,249.168.210.239
591,Ketty,Knobell,kknobellge@ustream.tv,Female,134.44.124.30
592,Robert,Ericsson,rericssongf@t-online.de,Male,235.212.6.47
593,Lee,Potzold,lpotzoldgg@narod.ru,Male,187.5.216.173
594,Dorolisa,Mattielli,dmattielligh@noaa.gov,Female,229.210.28.107
595,Sullivan,Revance,srevancegi@mozilla.org,Genderfluid,245.90.132.171
596,Gusti,De Cristoforo,gdecristoforogj@unesco.org,Female,201.78.242.59
597,Shamus,Rawes,srawesgk@ucoz.com,Male,85.85.217.187
598,Stormie,Grunbaum,sgrunbaumgl@1688.com,Female,216.88.90.16
599,Thaddus,Mavin,tmavingm@mozilla.org,Male,238.203.113.62
600,Neilla,Lorentzen,nlorentzengn@pen.io,Female,45.151.59.242
601,Mikey,Callf,mcallfgo@com.com,Male,64.139.117.84
602,Gav,Mossom,gmossomgp@tripod.com,Agender,40.197.192.131
603,Jecho,Orneblow,jorneblowgq@gov.uk,Male,101.36.162.148
604,Matthieu,Archbould,marchbouldgr@smh.com.au,Male,255.149.40.162
605,Rosina,Harriot,rharriotgs@si.edu,Female,216.119.41.121
606,Thom,Colleer,tcolleergt@tuttocitta.it,Male,140.197.105.183
607,Lanae,Manuello,lmanuellogu@t-online.de,Female,35.213.105.222
608,Emery,Trimme,etrimmegv@infoseek.co.jp,Male,151.213.125.26
609,Wat,Stallworth,wstallworthgw@reference.com,Male,60.149.142.24
610,Kessia,Eustace,keustacegx@walmart.com,Female,145.120.4.222
611,Tessy,Dorton,tdortongy@163.com,Female,89.147.155.204
612,Cosmo,Corkell,ccorkellgz@nasa.gov,Male,19.43.10.201
613,Monique,Tremollet,mtremolleth0@example.com,Female,143.218.2.59
614,Torin,MacDearmont,tmacdearmonth1@biblegateway.com,Male,83.167.70.218
615,Betta,O'Brien,bobrienh2@reverbnation.com,Female,139.4.91.49
616,Keri,Thiem,kthiemh3@jalbum.net,Female,244.211.44.232
617,Avigdor,Scamadine,ascamadineh4@mapquest.com,Male,204.250.48.241
618,Andres,Cockayne,acockayneh5@lycos.com,Agender,200.69.32.56
619,Karyn,Moule,kmouleh6@themeforest.net,Female,106.45.146.102
620,Svend,Beales,sbealesh7@seattletimes.com,Male,127.169.124.54
621,Abagail,Gilcrist,agilcristh8@nba.com,Non-binary,116.94.125.183
622,Darice,Tipling,dtiplingh9@arstechnica.com,Female,11.25.254.197
623,Jacinta,Summerill,jsummerillha@free.fr,Genderfluid,112.248.207.8
624,Marthena,Lilliman,mlillimanhb@cnn.com,Female,70.76.172.71
625,Lavina,Stuchbery,lstuchberyhc@businessinsider.com,Female,40.206.117.179
626,Uriah,Delacoste,udelacostehd@nymag.com,Male,147.112.225.11
627,Marguerite,Turnock,mturnockhe@i2i.jp,Polygender,224.160.94.178
628,Norby,Chazotte,nchazottehf@squarespace.com,Male,13.139.150.225
629,Hertha,Dorran,hdorranhg@theglobeandmail.com,Female,252.99.176.156
630,Kiele,O'Teague,koteaguehh@washingtonpost.com,Bigender,166.123.232.86
631,Suzette,Boylan,sboylanhi@java.com,Female,108.191.164.71
632,Modestia,Windebank,mwindebankhj@unicef.org,Female,222.33.56.229
633,Cari,Maudling,cmaudlinghk@geocities.com,Female,246.58.175.183
634,Ninon,Nurden,nnurdenhl@twitter.com,Female,245.199.120.221
635,Juditha,Medlar,jmedlarhm@hc360.com,Female,88.169.191.163
636,Des,Dobrowski,ddobrowskihn@odnoklassniki.ru,Male,77.198.132.119
637,Isabelita,McCurdy,imccurdyho@4shared.com,Female,20.106.117.29
638,Zack,Abramof,zabramofhp@artisteer.com,Male,179.33.67.219
639,Clarie,Bending,cbendinghq@com.com,Female,10.217.76.159
640,Hayyim,McAulay,hmcaulayhr@harvard.edu,Male,116.153.250.230
641,Bernete,Gatherer,bgathererhs@dion.ne.jp,Female,30.30.128.29
642,Deana,Rawlin,drawlinht@techcrunch.com,Female,181.12.108.26
643,Keane,Alcalde,kalcaldehu@themeforest.net,Male,47.196.146.55
644,Fields,Campbell,fcampbellhv@mit.edu,Male,41.146.141.15
645,Kate,Stanion,kstanionhw@cisco.com,Female,154.140.144.39
646,Claiborn,Bradborne,cbradbornehx@amazon.co.jp,Male,61.78.89.71
647,Tanner,Cohane,tcohanehy@tripod.com,Male,30.125.75.129
648,Jess,Hammer,jhammerhz@furl.net,Female,20.87.119.3
649,Lyndy,Dore,ldorei0@pagesperso-orange.fr,Female,153.98.31.242
650,Dierdre,O'Carran,docarrani1@msn.com,Female,159.109.94.221
651,Devondra,Buttrum,dbuttrumi2@sogou.com,Female,52.122.3.177
652,Cosette,Klos,cklosi3@nhs.uk,Female,16.44.246.173
653,Fredra,Couch,fcouchi4@diigo.com,Female,72.36.150.51
654,Caril,Angear,cangeari5@foxnews.com,Female,35.87.38.161
655,Malcolm,Jeanesson,mjeanessoni6@nyu.edu,Male,199.0.119.241
656,Claudine,Vandrill,cvandrilli7@omniture.com,Female,13.58.18.82
657,Geoff,O'Gorman,gogormani8@ustream.tv,Polygender,1.158.224.179
658,Dennie,Darnell,ddarnelli9@nasa.gov,Male,123.91.22.9
659,Frieda,Koche,fkocheia@chicagotribune.com,Female,188.114.232.247
660,Shelia,Tomlett,stomlettib@i2i.jp,Female,123.69.208.10
661,Benyamin,Osanne,bosanneic@w3.org,Male,77.237.100.71
662,Prentice,Palin,ppalinid@toplist.cz,Male,165.87.37.145
663,Marita,Tolworth,mtolworthie@bizjournals.com,Female,162.162.40.21
664,Vite,Yakuntzov,vyakuntzovif@msn.com,Male,142.82.228.206
665,Ferrell,Farryan,ffarryanig@yellowpages.com,Male,58.142.108.44
666,Corette,Mowbury,cmowburyih@goodreads.com,Female,93.22.242.90
667,Mycah,Falcus,mfalcusii@walmart.com,Male,123.247.218.124
668,Jonell,Balcon,jbalconij@gravatar.com,Female,76.64.41.216
669,Melvyn,Lintall,mlintallik@nytimes.com,Male,82.45.190.50
670,Jessey,MacAlinden,jmacalindenil@umn.edu,Male,208.42.142.117
671,Geraldine,Brogi,gbrogiim@harvard.edu,Female,215.129.124.64
672,Jess,Spofforth,jspofforthin@va.gov,Female,117.219.142.47
673,Gilda,Haily,ghailyio@weebly.com,Female,56.10.178.65
674,Patricio,Michell,pmichellip@usgs.gov,Male,182.201.170.188
675,Torin,Dictus,tdictusiq@devhub.com,Male,16.16.33.195
676,Mic,Sydall,msydallir@yandex.ru,Male,146.140.14.25
677,Sutherlan,Widdicombe,swiddicombeis@acquirethisname.com,Male,36.37.70.150
678,Say,Gyenes,sgyenesit@cisco.com,Male,211.66.89.238
679,Hans,Rogier,hrogieriu@addtoany.com,Male,42.232.24.143
680,Shalne,Joerning,sjoerningiv@ifeng.com,Female,128.213.73.60
681,Juanita,Dearsley,jdearsleyiw@deliciousdays.com,Female,134.238.122.32
682,Josiah,Lindop,jlindopix@mapy.cz,Male,6.184.214.59
683,Babette,Frizell,bfrizelliy@godaddy.com,Female,16.34.173.206
684,Ichabod,Tabart,itabartiz@51.la,Male,129.189.156.46
685,Corene,Adamolli,cadamollij0@reuters.com,Female,101.41.95.153
686,Briana,Giovanni,bgiovannij1@salon.com,Female,189.191.72.157
687,Abbe,Beddo,abeddoj2@ucoz.ru,Female,90.16.212.34
688,Wernher,Luscott,wluscottj3@networkadvertising.org,Male,118.125.149.183
689,Lorenzo,Bauser,lbauserj4@reuters.com,Male,129.3.151.78
690,Gwendolen,Gabbotts,ggabbottsj5@mapy.cz,Female,21.42.114.252
691,Gayelord,Keoghan,gkeoghanj6@webnode.com,Male,83.33.117.163
692,Mohandis,Nazair,mnazairj7@posterous.com,Male,142.27.99.106
693,Glynnis,Radborne,gradbornej8@nsw.gov.au,Bigender,229.161.28.254
694,Ravid,Smail,rsmailj9@goo.ne.jp,Male,23.168.246.91
695,Editha,Skouling,eskoulingja@netscape.com,Female,244.177.151.50
696,Goraud,Raden,gradenjb@ted.com,Male,38.117.82.165
697,Clarine,Morteo,cmorteojc@oaic.gov.au,Female,239.229.212.213
698,Jody,Mounch,jmounchjd@skype.com,Male,177.238.83.114
699,Edee,Maruszewski,emaruszewskije@mysql.com,Female,172.74.16.38
700,Pepita,Trounson,ptrounsonjf@artisteer.com,Female,114.79.103.40
701,Georgi,Vasyukhichev,gvasyukhichevjg@businesswire.com,Male,191.120.250.249
702,Nikki,Tuffield,ntuffieldjh@last.fm,Male,249.134.49.131
703,Hope,Pemberton,hpembertonji@bluehost.com,Female,21.78.47.186
704,Angus,Gammel,agammeljj@drupal.org,Male,240.113.16.180
705,Jules,Lempel,jlempeljk@nymag.com,Male,12.133.243.216
706,Lynea,Macci,lmaccijl@dropbox.com,Non-binary,211.67.106.162
707,Arlen,Rushby,arushbyjm@altervista.org,Male,83.126.60.144
708,Jessey,Escalera,jescalerajn@columbia.edu,Male,209.83.236.118
709,Jorgan,Marron,jmarronjo@japanpost.jp,Male,152.224.55.167
710,Vale,Rippin,vrippinjp@list-manage.com,Male,23.90.206.151
711,Berte,Vinecombe,bvinecombejq@accuweather.com,Genderqueer,244.94.241.223
712,Gun,Starmore,gstarmorejr@bluehost.com,Male,110.18.53.60
713,Hi,Cuxson,hcuxsonjs@ucoz.com,Male,181.107.26.67
714,Jehu,Laudham,jlaudhamjt@slashdot.org,Male,173.170.188.49
715,Odo,Deverock,odeverockju@etsy.com,Male,43.255.250.4
716,Barnabe,Fynan,bfynanjv@vk.com,Male,48.104.93.224
717,Chevy,Wasiela,cwasielajw@godaddy.com,Bigender,208.33.41.173
718,Petronia,Cammiemile,pcammiemilejx@apache.org,Female,18.38.233.166
719,Giacobo,Burchmore,gburchmorejy@eventbrite.com,Male,34.208.73.167
720,Jules,Saltern,jsalternjz@yellowbook.com,Male,194.161.244.154
721,Babb,Boyford,bboyfordk0@miitbeian.gov.cn,Female,104.171.163.248
722,Jamey,Fillan,jfillank1@upenn.edu,Male,250.55.197.71
723,Frazer,Pegden,fpegdenk2@independent.co.uk,Male,160.103.4.235
724,Garrik,Serjent,gserjentk3@nsw.gov.au,Male,104.255.215.226
725,Madelin,Stobbart,mstobbartk4@guardian.co.uk,Female,152.240.191.146
726,Dareen,Cranmer,dcranmerk5@usgs.gov,Non-binary,136.228.143.255
727,Donni,Sutherley,dsutherleyk6@sakura.ne.jp,Female,220.119.241.235
728,Barnie,Brignall,bbrignallk7@samsung.com,Male,206.140.201.29
729,Quintana,Villa,qvillak8@cpanel.net,Female,200.65.210.63
730,Garvey,Lichtfoth,glichtfothk9@comcast.net,Male,108.44.169.30
731,Brennen,McClay,bmcclayka@facebook.com,Genderfluid,9.24.49.115
732,Kore,Matessian,kmatessiankb@cargocollective.com,Female,184.183.13.74
733,Phyllida,De Atta,pdeattakc@hp.com,Genderqueer,104.226.187.29
734,Bryce,Booley,bbooleykd@wiley.com,Male,189.248.135.195
735,Aloin,Brisland,abrislandke@opensource.org,Male,86.234.171.58
736,Oralle,Rosbottom,orosbottomkf@flickr.com,Female,29.49.46.139
737,Dew,Playfair,dplayfairkg@ucoz.ru,Male,58.100.150.90
738,Sephira,Colmer,scolmerkh@joomla.org,Female,50.66.204.25
739,Anthiathia,Piola,apiolaki@accuweather.com,Female,127.75.253.26
740,Yetty,Brodway,ybrodwaykj@4shared.com,Female,222.19.115.3
741,Wernher,Cecchetelli,wcecchetellikk@ehow.com,Male,50.160.127.30
742,Adrea,Songist,asongistkl@printfriendly.com,Female,184.202.22.153
743,Perren,Drake,pdrakekm@thetimes.co.uk,Male,29.206.244.36
744,Yorgos,Dhillon,ydhillonkn@weebly.com,Male,70.201.125.92
745,Skye,Drewet,sdrewetko@angelfire.com,Male,66.188.65.221
746,Fabe,Davinet,fdavinetkp@a8.net,Male,79.106.15.112
747,Luther,Boik,lboikkq@ucsd.edu,Male,70.198.70.206
748,Stacy,Lutwyche,slutwychekr@privacy.gov.au,Female,194.71.1.51
749,Yvor,Daouse,ydaouseks@list-manage.com,Male,202.61.198.85
750,Elton,McCurtin,emccurtinkt@about.com,Male,29.208.21.255
751,Betteann,Dearan,bdearanku@networkadvertising.org,Polygender,114.105.147.1
752,Ganny,Rigler,griglerkv@github.com,Male,174.86.137.105
753,Timothee,Byars,tbyarskw@zimbio.com,Male,183.119.162.90
754,Vidovik,Houlson,vhoulsonkx@yellowpages.com,Genderfluid,48.103.38.71
755,Theo,Ekkel,tekkelky@bbc.co.uk,Male,212.72.146.233
756,Niko,Lattie,nlattiekz@163.com,Male,96.80.80.76
757,Garry,Comino,gcominol0@washington.edu,Male,253.139.149.209
758,Caressa,Clamp,cclampl1@businesswire.com,Female,201.66.219.40
759,Stafford,Rodliff,srodliffl2@bloglovin.com,Male,29.154.242.141
760,Jacobo,Gush,jgushl3@slashdot.org,Male,64.245.23.233
761,Cati,Slemming,cslemmingl4@ehow.com,Female,3.225.229.92
762,Rutger,Sturdy,rsturdyl5@freewebs.com,Male,233.65.154.156
763,Ibby,Bellson,ibellsonl6@sciencedaily.com,Female,244.224.167.167
764,Mano,Scini,mscinil7@sciencedaily.com,Male,6.38.158.189
765,Sheffield,Brankley,sbrankleyl8@wikimedia.org,Male,79.87.31.113
766,Milli,Chesley,mchesleyl9@techcrunch.com,Female,203.106.147.215
767,Jonah,Baccup,jbaccupla@1688.com,Male,93.6.236.252
768,Hobart,Seson,hsesonlb@hao123.com,Male,60.215.195.4
769,Tess,Train,ttrainlc@desdev.cn,Bigender,176.114.11.138
770,Ediva,Mote,emoteld@mozilla.org,Female,232.152.117.53
771,Orton,Sharnock,osharnockle@sina.com.cn,Male,109.38.236.72
772,Lib,Littley,llittleylf@webeden.co.uk,Female,53.67.41.89
773,Ham,Butner,hbutnerlg@pagesperso-orange.fr,Male,165.9.116.102
774,Natividad,Hawes,nhaweslh@baidu.com,Female,170.41.150.142
775,Janna,Carp,jcarpli@elpais.com,Female,149.50.253.98
776,Orelia,Orfeur,oorfeurlj@behance.net,Female,177.38.252.173
777,Brand,Jacobssen,bjacobssenlk@bravesites.com,Male,32.253.87.150
778,Natasha,Old,noldll@craigslist.org,Female,100.0.18.181
779,Salomi,Bahde,sbahdelm@behance.net,Female,73.246.139.68
780,Daniele,Aronowitz,daronowitzln@blogtalkradio.com,Female,191.126.103.241
781,Helaine,Exeter,hexeterlo@weather.com,Female,206.189.39.180
782,Nessie,Guidotti,nguidottilp@opensource.org,Female,157.214.222.115
783,Sue,Myderscough,smyderscoughlq@virginia.edu,Female,90.42.31.112
784,Irvin,Matuska,imatuskalr@csmonitor.com,Male,92.55.147.244
785,Laraine,Gitthouse,lgitthousels@bluehost.com,Female,224.225.235.214
786,Wittie,Ferbrache,wferbrachelt@zimbio.com,Male,89.41.68.225
787,Wade,Tabbitt,wtabbittlu@flickr.com,Male,119.123.28.233
788,Shaylah,Vase,svaselv@123-reg.co.uk,Female,203.190.16.41
789,Devlen,O'Geneay,dogeneaylw@hao123.com,Male,21.15.155.181
790,Cointon,Sidon,csidonlx@wisc.edu,Male,107.233.201.88
791,Virgie,Nafziger,vnafzigerly@joomla.org,Female,34.126.160.66
792,Celene,Gethyn,cgethynlz@ibm.com,Female,70.112.39.240
793,Marcellus,Thebe,mthebem0@nifty.com,Male,75.251.76.73
794,Christie,Rallings,crallingsm1@wikimedia.org,Female,237.21.94.148
795,Leonora,Aldwinckle,laldwincklem2@pagesperso-orange.fr,Bigender,196.42.10.89
796,Davina,Shone,dshonem3@cnn.com,Female,192.137.185.203
797,Munroe,Poschel,mposchelm4@gizmodo.com,Male,109.119.39.102
798,Judas,Lowndsborough,jlowndsboroughm5@domainmarket.com,Male,120.135.130.104
799,Lindsey,Jencey,ljenceym6@mysql.com,Female,7.34.244.120
800,Darrick,Ferrarone,dferraronem7@amazon.de,Male,188.166.24.121
801,Candice,Brambill,cbrambillm8@sbwire.com,Female,221.180.205.86
802,Ambrosius,McAlpine,amcalpinem9@nba.com,Male,18.190.66.53
803,Tatiania,Ottey,totteyma@howstuffworks.com,Female,173.132.156.221
804,Brennen,Sperski,bsperskimb@nature.com,Male,210.168.136.44
805,Harlen,Windrass,hwindrassmc@smugmug.com,Male,148.31.75.37
806,Hamnet,Jellyman,hjellymanmd@economist.com,Male,67.113.163.254
807,Marleah,Carhart,mcarhartme@answers.com,Female,58.242.41.147
808,Pearce,Urling,purlingmf@nasa.gov,Male,188.51.106.72
809,Hebert,Smallman,hsmallmanmg@umn.edu,Male,47.160.18.156
810,Isidoro,Rocks,irocksmh@bizjournals.com,Male,120.197.44.41
811,Emmy,Belfield,ebelfieldmi@xrea.com,Female,147.72.79.193
812,Bonni,Malcolmson,bmalcolmsonmj@soup.io,Female,57.35.163.215
813,Schuyler,Simper,ssimpermk@typepad.com,Male,253.164.94.112
814,Ev,Mawson,emawsonml@tumblr.com,Male,25.149.137.66
815,Arlan,Boman,abomanmm@list-manage.com,Male,14.49.44.0
816,Hermina,Pasley,hpasleymn@amazonaws.com,Genderqueer,84.135.201.221
817,Concettina,Banbrick,cbanbrickmo@cloudflare.com,Agender,116.185.120.209
818,Lazarus,Bottinelli,lbottinellimp@earthlink.net,Male,154.11.189.4
819,Ester,Tidder,etiddermq@vkontakte.ru,Female,99.97.65.134
820,Berkie,Hackney,bhackneymr@home.pl,Male,92.235.188.121
821,Jordanna,Dunkley,jdunkleyms@blogtalkradio.com,Female,234.221.159.161
822,Ora,Ashard,oashardmt@parallels.com,Female,37.205.131.122
823,Winny,Sapsed,wsapsedmu@baidu.com,Male,132.164.114.118
824,Jeanne,Cadany,jcadanymv@so-net.ne.jp,Female,60.76.168.99
825,Emlynn,Strickland,estricklandmw@economist.com,Female,37.233.84.175
826,Thaddus,Boddy,tboddymx@mayoclinic.com,Male,92.222.93.237
827,Sabrina,Stare,sstaremy@lycos.com,Bigender,183.237.241.176
828,Prisca,Fritchly,pfritchlymz@lycos.com,Female,138.53.191.76
829,Dionysus,Snape,dsnapen0@surveymonkey.com,Male,98.36.31.246
830,Sabrina,Bernasek,sbernasekn1@statcounter.com,Female,230.1.135.120
831,Augustin,Marchington,amarchingtonn2@smugmug.com,Male,20.214.13.43
832,Max,Vogl,mvogln3@dailymail.co.uk,Male,222.78.71.132
833,Brigg,Lithgow,blithgown4@gov.uk,Male,170.60.161.33
834,Jaymee,Burhouse,jburhousen5@ucsd.edu,Non-binary,16.107.88.185
835,Kienan,Wolfarth,kwolfarthn6@sun.com,Male,0.160.111.154
836,Ashleigh,Fidelus,afidelusn7@goodreads.com,Female,212.205.214.198
837,Iorgo,Drexel,idrexeln8@bravesites.com,Male,99.219.121.44
838,Nap,Whitten,nwhittenn9@cpanel.net,Male,157.73.67.222
839,Lonny,London,llondonna@microsoft.com,Male,0.252.238.168
840,Reinald,Theakston,rtheakstonnb@fc2.com,Male,199.59.70.123
841,Arv,Gooders,agoodersnc@redcross.org,Male,62.130.80.201
842,Scotti,MacCard,smaccardnd@bbc.co.uk,Male,53.236.63.193
843,Hollie,Jocelyn,hjocelynne@rediff.com,Female,253.184.109.88
844,Morgen,Benoy,mbenoynf@yahoo.co.jp,Male,62.87.60.15
845,Bettine,Cullotey,bculloteyng@unblog.fr,Bigender,106.199.173.127
846,Rudd,Jon,rjonnh@xing.com,Male,141.62.37.90
847,Toddy,Dickerson,tdickersonni@ebay.com,Male,216.122.197.205
848,Alick,Chate,achatenj@disqus.com,Male,51.163.45.183
849,Cherry,Lingard,clingardnk@pinterest.com,Female,50.197.114.139
850,Mace,Dotterill,mdotterillnl@usda.gov,Male,21.221.50.113
851,Avram,Andrusyak,aandrusyaknm@addthis.com,Male,69.95.191.74
852,Cassius,Dumbellow,cdumbellownn@friendfeed.com,Male,189.255.50.96
853,Walsh,Campsall,wcampsallno@github.com,Male,184.37.195.79
854,Lorenza,Duddle,lduddlenp@printfriendly.com,Female,3.154.191.128
855,Gaven,Gorger,ggorgernq@mozilla.com,Male,205.157.161.59
856,Dinny,Widdows,dwiddowsnr@gov.uk,Female,196.95.92.81
857,Wilfred,Shearme,wshearmens@surveymonkey.com,Male,129.246.5.34
858,Alethea,Gres,agresnt@printfriendly.com,Female,60.27.203.208
859,Melosa,Stoeckle,mstoecklenu@stumbleupon.com,Female,64.104.83.69
860,Caty,Romke,cromkenv@flavors.me,Female,64.139.27.97
861,Cathyleen,Margerison,cmargerisonnw@princeton.edu,Female,93.30.92.193
862,Lamont,Andrieu,landrieunx@tripod.com,Male,236.227.123.123
863,Moshe,Wanley,mwanleyny@webnode.com,Male,114.155.126.125
864,Warde,Beatens,wbeatensnz@ftc.gov,Male,159.100.157.71
865,Rafaelia,Cantua,rcantuao0@about.me,Female,173.131.195.35
866,Cassandra,Cluet,cclueto1@creativecommons.org,Female,208.58.237.124
867,Robina,Hiddersley,rhiddersleyo2@rambler.ru,Female,242.151.114.18
868,Kip,Kunkler,kkunklero3@scientificamerican.com,Female,237.251.24.228
869,Patricio,Hampshire,phampshireo4@furl.net,Male,89.251.203.40
870,Felicity,Connerly,fconnerlyo5@irs.gov,Female,206.239.130.104
871,Elsey,Wooles,ewooleso6@icio.us,Female,173.19.136.244
872,Dolf,Peddersen,dpedderseno7@dailymail.co.uk,Male,142.154.10.51
873,Abeu,Haysham,ahayshamo8@clickbank.net,Male,19.142.55.194
874,Bond,Dumpleton,bdumpletono9@desdev.cn,Male,146.187.253.61
875,Ronny,Jupp,rjuppoa@posterous.com,Female,124.86.171.83
876,Laryssa,Zoren,lzorenob@latimes.com,Female,2.125.163.113
877,Laurens,Philliphs,lphilliphsoc@webeden.co.uk,Male,254.78.136.237
878,Sax,Carlone,scarloneod@ucla.edu,Male,71.172.50.226
879,Lucienne,Harte,lharteoe@skyrock.com,Female,211.27.143.15
880,Mordecai,Lindenfeld,mlindenfeldof@com.com,Male,199.232.24.200
881,Luke,Duham,lduhamog@ucoz.ru,Male,135.36.97.210
882,Ardelle,Lewendon,alewendonoh@cbc.ca,Female,115.192.203.239
883,Virginia,D'Ambrosi,vdambrosioi@mit.edu,Female,46.138.239.124
884,Bud,Shorrock,bshorrockoj@gmpg.org,Male,114.145.183.87
885,Minne,Gontier,mgontierok@meetup.com,Female,247.250.248.11
886,Dani,Tiplady,dtipladyol@squarespace.com,Male,25.104.136.155
887,Rita,Rosengren,rrosengrenom@domainmarket.com,Female,53.87.87.199
888,Ingaberg,Combes,icombeson@taobao.com,Female,85.44.211.159
889,Rossy,Papes,rpapesoo@hibu.com,Male,182.101.122.230
890,Jania,Bonnesen,jbonnesenop@php.net,Female,107.233.9.10
891,Whitaker,Lineker,wlinekeroq@domainmarket.com,Polygender,103.15.46.3
892,Gothart,Beasleigh,gbeasleighor@slideshare.net,Male,65.83.251.95
893,Dorian,Jado,djadoos@nytimes.com,Male,224.62.172.115
894,Deena,Chue,dchueot@stumbleupon.com,Female,19.133.94.196
895,Rik,Wilcott,rwilcottou@cdc.gov,Non-binary,226.225.131.232
896,Zachariah,Polendine,zpolendineov@paginegialle.it,Male,199.89.170.89
897,Trix,De Normanville,tdenormanvilleow@discuz.net,Female,125.76.6.12
898,Meaghan,Bishell,mbishellox@goo.gl,Female,183.68.31.88
899,Whittaker,Heaslip,wheaslipoy@blogspot.com,Male,197.55.60.202
900,Derwin,Collisson,dcollissonoz@sfgate.com,Genderfluid,203.27.145.245
901,Raviv,Cluff,rcluffp0@booking.com,Male,74.97.187.100
902,Janene,Mityashev,jmityashevp1@nbcnews.com,Female,24.126.35.187
903,Yolanda,Beechcraft,ybeechcraftp2@list-manage.com,Female,35.109.217.1
904,Kimberly,Prickett,kprickettp3@cargocollective.com,Female,54.173.184.224
905,Emile,Dulieu,edulieup4@joomla.org,Male,236.142.83.56
906,Chadd,Crumley,ccrumleyp5@loc.gov,Male,249.203.46.151
907,Greer,Francello,gfrancellop6@scribd.com,Female,134.20.178.146
908,Jeramie,Brady,jbradyp7@gmpg.org,Male,81.206.81.10
909,Yankee,Shelp,yshelpp8@acquirethisname.com,Male,254.25.191.191
910,Heinrick,Sieghard,hsieghardp9@prlog.org,Male,226.229.15.168
911,Maggie,Martel,mmartelpa@pcworld.com,Genderqueer,51.190.1.201
912,Anna,Ceney,aceneypb@vimeo.com,Female,112.238.10.130
913,Nickie,Krelle,nkrellepc@cbc.ca,Male,167.168.10.0
914,Herbie,Merrin,hmerrinpd@friendfeed.com,Non-binary,188.147.196.74
915,Lyndell,Tapsell,ltapsellpe@cdc.gov,Female,141.94.106.242
916,Sonya,Ivantyev,sivantyevpf@canalblog.com,Female,32.127.139.94
917,Nisse,Salvador,nsalvadorpg@liveinternet.ru,Female,132.70.172.196
918,Biddy,Morfield,bmorfieldph@usa.gov,Female,219.167.241.159
919,Elisabet,Warn,ewarnpi@howstuffworks.com,Genderqueer,248.92.204.67
920,Trstram,Aldwich,taldwichpj@themeforest.net,Genderfluid,20.178.162.21
921,Cassandry,Suttle,csuttlepk@go.com,Female,23.129.240.7
922,Kaja,Albers,kalberspl@globo.com,Female,144.248.173.36
923,Myrlene,Stuckey,mstuckeypm@comsenz.com,Female,24.200.133.12
924,Adda,Heighway,aheighwaypn@newyorker.com,Genderfluid,250.116.147.111
925,Jolene,Meadway,jmeadwaypo@google.com.hk,Female,85.27.163.39
926,Rinaldo,Elwell,relwellpp@adobe.com,Male,194.120.166.243
927,Gavin,Sones,gsonespq@paypal.com,Male,124.184.128.58
928,Teena,Wardhough,twardhoughpr@yolasite.com,Female,222.225.5.145
929,Sarge,Merner,smernerps@hexun.com,Male,182.78.220.114
930,Jo-anne,Mullineux,jmullineuxpt@usa.gov,Agender,142.15.25.96
931,Retha,Fishbourne,rfishbournepu@eepurl.com,Female,34.254.69.155
932,Ag,Greggersen,agreggersenpv@free.fr,Female,203.140.117.3
933,Colly,Chittey,cchitteypw@google.cn,Female,137.161.76.116
934,Bertrand,Realy,brealypx@redcross.org,Male,30.123.208.134
935,Elsworth,Frostdyke,efrostdykepy@networksolutions.com,Genderqueer,61.97.11.157
936,Dave,Carbry,dcarbrypz@spotify.com,Male,119.192.56.140
937,Tye,Anfonsi,tanfonsiq0@fema.gov,Male,203.184.149.17
938,Benjy,Dredge,bdredgeq1@alibaba.com,Male,208.129.11.68
939,Lewiss,Peedell,lpeedellq2@ted.com,Polygender,35.175.120.104
940,Harriott,Penk,hpenkq3@sakura.ne.jp,Female,62.162.190.114
941,Marilee,Buckmaster,mbuckmasterq4@istockphoto.com,Female,73.73.62.90
942,Essie,Chastagnier,echastagnierq5@wikia.com,Female,188.85.32.56
943,Brnaba,Goose,bgooseq6@youtu.be,Male,70.214.97.143
944,Aurthur,Vogel,avogelq7@slideshare.net,Male,71.59.6.232
945,Perle,Thirsk,pthirskq8@reference.com,Female,144.29.134.114
946,Rhys,McCafferky,rmccafferkyq9@deliciousdays.com,Male,88.12.85.158
947,Beaufort,Pedden,bpeddenqa@ox.ac.uk,Male,177.98.221.141
948,Marrilee,Hosier,mhosierqb@umn.edu,Female,33.114.72.226
949,Norma,Rust,nrustqc@usatoday.com,Female,127.127.146.89
950,Chance,Gerding,cgerdingqd@hao123.com,Non-binary,101.207.32.49
951,Ferdinand,Fawbert,ffawbertqe@wix.com,Male,78.13.193.122
952,Kimbra,Rengger,krenggerqf@godaddy.com,Female,107.157.83.12
953,Filberto,Fairburne,ffairburneqg@ucla.edu,Male,242.208.215.92
954,Alphonse,Pashan,apashanqh@storify.com,Male,196.141.186.135
955,Greggory,Lipscombe,glipscombeqi@bigcartel.com,Male,172.113.30.103
956,Vilhelmina,Jopling,vjoplingqj@blinklist.com,Female,137.46.201.56
957,Benji,Klink,bklinkqk@bravesites.com,Male,199.226.17.124
958,Yule,Feuell,yfeuellql@opensource.org,Male,250.165.32.192
959,Torie,Krikorian,tkrikorianqm@altervista.org,Bigender,98.114.21.116
960,Marietta,Edgehill,medgehillqn@pbs.org,Male,160.159.173.3
961,Janet,Follett,jfollettqo@github.io,Female,247.210.123.65
962,Kizzee,Allum,kallumqp@google.co.uk,Female,78.203.225.238
963,Darsie,Roskruge,droskrugeqq@jugem.jp,Female,73.83.61.105
964,Zondra,Daldan,zdaldanqr@webnode.com,Female,82.219.155.227
965,Katuscha,Fouracre,kfouracreqs@wsj.com,Female,74.8.117.34
966,Fan,Mattiacci,fmattiacciqt@theatlantic.com,Female,243.38.185.176
967,Rozalie,Seifert,rseifertqu@java.com,Female,250.163.205.8
968,Kip,Brosius,kbrosiusqv@rakuten.co.jp,Female,60.21.170.6
969,Romona,Cerith,rcerithqw@sogou.com,Female,168.95.189.236
970,Roseanna,Glennon,rglennonqx@eepurl.com,Female,186.237.161.156
971,Brad,Stollhofer,bstollhoferqy@vistaprint.com,Bigender,40.115.112.38
972,Lidia,Rudkin,lrudkinqz@wikimedia.org,Genderfluid,113.122.121.47
973,Ellie,Scotter,escotterr0@chron.com,Female,12.191.75.62
974,Irene,Klimkin,iklimkinr1@cpanel.net,Female,107.255.85.168
975,Chase,Vanner,cvannerr2@msn.com,Male,212.99.217.152
976,Lita,Jancic,ljancicr3@prlog.org,Female,65.96.110.204
977,Ebenezer,Salazar,esalazarr4@last.fm,Male,113.213.30.241
978,Iorgo,Molen,imolenr5@godaddy.com,Male,4.231.213.104
979,Sal,Redwin,sredwinr6@blinklist.com,Female,142.65.234.37
980,Emelita,Sture,esturer7@paypal.com,Female,197.212.1.90
981,Maisey,Beswick,mbeswickr8@linkedin.com,Female,220.182.162.213
982,Rainer,Garioch,rgariochr9@ibm.com,Male,155.246.232.128
983,Glennis,Mottershaw,gmottershawra@hostgator.com,Female,191.253.169.70
984,Ulrika,Songhurst,usonghurstrb@usgs.gov,Female,145.176.194.223
985,Fidole,Mart,fmartrc@apache.org,Male,48.178.150.203
986,Leyla,Walker,lwalkerrd@mlb.com,Female,170.192.30.241
987,Bert,Hurlin,bhurlinre@mail.ru,Male,80.214.64.224
988,Cristina,Ervin,cervinrf@miibeian.gov.cn,Female,145.158.79.40
989,Mil,Jenteau,mjenteaurg@bravesites.com,Female,129.51.138.232
990,Philippine,Lavender,plavenderrh@illinois.edu,Polygender,90.219.122.97
991,Harold,Maceur,hmaceurri@joomla.org,Male,108.20.146.188
992,Law,Tames,ltamesrj@myspace.com,Non-binary,74.190.181.64
993,Aurea,Hune,ahunerk@reddit.com,Female,108.162.223.209
994,Martha,Dyos,mdyosrl@japanpost.jp,Female,7.180.59.54
995,Hendrik,Aggiss,haggissrm@bravesites.com,Male,55.254.4.61
996,Kaylyn,Meedendorpe,kmeedendorpern@wsj.com,Agender,250.68.194.219
997,Nefen,Cleynman,ncleynmanro@columbia.edu,Male,230.248.147.115
998,Calley,Wendover,cwendoverrp@chicagotribune.com,Female,101.196.80.244
999,Beilul,De Bell,bdebellrq@yale.edu,Non-binary,123.222.152.233
1000,Maurita,Tomasz,mtomaszrr@blogs.com,Female,101.169.235.103
